﻿<?xml version="1.0" encoding="utf-8" ?>
<Plugin>
  <Name>VOCALOID 6 序列文件转换插件</Name>
  <Version>0.0.1</Version>
  <Author>两只爬行者</Author>
  <HomePage>none</HomePage>
  <UpdateUri>none</UpdateUri>
  <Descriptions>适用于 OpenSvip 的 VOCALOID 6 序列文件转换插件，可能适用于 VOCALOID 5 但其并不在支持范围内。</Descriptions>
  <TargetFramework>1.4.2</TargetFramework>
  <Requirements>无</Requirements>
  <Format>VOCALOID 6 序列文件</Format>
  <Suffix>vpr</Suffix>
  <Identifier>vpr</Identifier>
  <LibraryPath>Vpr\Plugin.Vpr.dll</LibraryPath>
  <Converter>Plugin.Vpr.VprConverter</Converter>
  <InputOptions>
    <Option Name ="IsCopyAudioFileFromVprFileToVprFileDirectory" Type="boolean" Default="true">
      <Notes>是否将音频文件从 VPR 文件中复制到 VPR 文件所在目录</Notes>
      <Tips>
        若启用该选项，插件则会将音频文件从 VPR 文件中复制到 VPR 文件所在目录。
        否则，插件将仅转换序列。
      </Tips>
    </Option>
  </InputOptions>
  <OutputOptions>
    <Option Name ="IsCopyAudioFileToVprFile" Type="boolean" Default="true">
      <Notes>是否将音频文件复制到 VPR 文件中（会增加文件大小）</Notes>
      <Tips>
        若启用该选项，插件则会将音频文件复制到 VPR 文件中。
        否则，插件将仅转换序列。
        注意：启用该选项可能导致分发 VPR 文件同时被视为分发音频文件。
      </Tips>
    </Option>
    <Option Name ="IsEnablesReversePitchCompensation" Type="boolean" Default="true">
      <Notes>是否启用反音高补偿</Notes>
      <Tips>
        若启用该选项，插件则会在转换音高时计算 VOCALOID 6 对最终音高的补偿并去除。
        启用后，最终音高将尽力与原始音高贴合。
      </Tips>
    </Option>
  </OutputOptions>
</Plugin>